contract,discount_level,arpu_mean,count
Month-to-month,Low,73.3432990183252,3342
Month-to-month,Medium,87.3908343182616,9
One year,Low,77.93251374699327,1070
One year,Medium,87.90802644828621,39
Two year,Low,79.27283344502473,836
Two year,Medium,83.04857539326333,216
